Channel,Avg. Viewers,Time Streamed,All-Time Peak Viewers,Hours Watched,Followers Gained,Total Followers,Total Views
xQcOW,89542,333.7,222720,29880024,-2454132,5558385,331965084
tommyinnit,258561,10.9,650237,2822624,462438,5102244,44524063
auronplay,115660,87,313347,10066242,435339,8368359,129448575
RanbooLive,85632,145.9,346132,12496595,438160,2567938,33990085
GeorgeNotFound,168391,9.6,307439,1610944,157766,3335146,14148526
ludwig,44751,378.8,165293,16950354,404851,2677236,74834100
NICKMERCS,62912,190.8,371232,12003585,234063,5639133,172838779
summit1g,43413,324.8,310998,14102134,45354,5897921,446407471
Gaules,22695,718.8,387315,16311723,49647,2647808,273846782
karljacobs,130195,14.9,263353,1939900,46575,2437965,17819202
ibai,64202,129.6,533239,8320635,330573,5865922,184766746
loud_coringa,66758,136.6,141138,9115827,198325,1724821,17104267
RocketLeague,62925,145.8,214930,9172367,151228,3045705,231549882
AdinRoss,82227,71.6,254923,5886055,2006717,3040648,15574215
Tubbo,97571,31.3,332671,3055610,323174,3453289,43631312
Sapnap,110526,8.2,185312,903241,172574,2027162,7338828
ONEEsports,81342,48.9,173129,3976251,45090,146108,24782485
Rubius,55995,110.2,344676,6172561,255169,8920072,167494352
loltyler1,34889,251.4,368484,8769372,31947,4252279,235521609
Sykkuno,44834,166.3,104187,7454468,177941,3286412,54667495
Rainbow6,38628,211,191703,8149776,96867,1887971,77914379
juansguarnizo,33564,250.6,140500,8411680,418840,3891950,67600394
TimTheTatman,40773,177.9,347321,7251495,152900,6527429,242928320
dota2mc_ru,21713,365.1,238996,7927569,32957,577357,130286389
TheGrefg,38191,136,2470347,5194010,196592,7220398,136838315
Elraenn,49421,80.9,103108,3998199,60670,2226028,62844962
Fextralife,17025,249.7,69907,4251098,-17535,570162,1437723478
LEC,38645,128.4,400312,4961322,58308,1398272,113005795
Philza,48240,76.1,162626,3672685,300639,2680285,30964379
BLASTPremier,52371,56.7,208744,2969441,93983,948371,74932706
shroud,27289,217.7,516289,5941275,-260854,9057620,467979652
WilburSoot,72173,7.9,215211,568384,135610,2999151,13992138
LyonWGFLive,54645,51,76770,2786872,59807,421956,5239901
LCK,65091,17.7,212049,1149940,17773,1143787,110986502
ESL_CSGO,10518,719.2,562080,7563896,49971,4641569,601525128
Asmongold,36518,128.1,283753,4678575,22238,1944339,169957579
DreamLeague,41042,95.3,148635,3912629,33372,441715,112719936
LCK_Korea,57000,31.1,365983,1772695,12280,882615,254891743
MontanaBlack88,40580,91.1,194927,3697543,35146,3719908,108413422
HasanAbi,20061,320.2,226974,6424123,5904,1174630,62595855
QuackityToo,62906,10.8,140697,677548,207575,660630,1011985
Amouranth,11899,389.1,31545,4629802,386977,2572951,204576285
Trymacs,29964,141.8,365000,4249438,8089,2494205,104995234
IlloJuan,32140,121,98463,3888996,213911,834938,26322871
Quin69,13240,448,44153,5931180,4124,601593,92689047
MOONMOON,23953,186.7,42066,4471666,5409,1065657,86971162
fps_shaka,16439,312.9,60136,5144090,25823,519252,74438835
CBLOL,39015,53,264955,2065826,15351,1236622,199536014
CriticalRole,45113,27,110800,1215789,12108,720105,22589772
VALORANT_Esports_TR,31219,83.9,163677,2618267,95363,286594,10419510
Papaplatte,20767,194.1,66453,4029824,54553,1415404,72656970
CashApp,49566,7.8,83567,384164,37778,493565,3133232
karlnetwork,44820,22.5,63128,1008461,153820,449099,973514
TubboLIVE,30264,88.9,64410,2689425,476820,952110,4409196
LIRIK,21927,168.9,89170,3702340,-11528,2780436,386724354
LPL,33619,60.7,149720,2041228,37732,663549,75541568
buddha,13958,339.9,65354,4743873,32703,436058,31322062
alanzoka,21633,161.0,147051,3481771,92548,4723761,165280602
sodapoppin,19438,200.9,110052,3904157,-3245652,3037615,361584186
Flashpoint,35360,29.9,82670,1058445,12371,243439,70901466
ROSHTEIN,15354,282.4,73891,4335218,4882,508536,51362772
stylishnoob4,19426,185.6,75000,3605771,24080,535568,79717230
Mizkif,21658,149.5,105000,3237525,33988,1267741,53376049
Jelty,16500,228.8,68500,3774591,161109,1620026,29753204
LCS,23026,132.2,400429,3044038,27849,1496609,131079253
NOBRU,23328,132.0,293803,3078961,154279,3098524,18939706
Brawlhalla,34968,42.4,162409,1483219,41814,1094198,19757604
RatedEpicz,14149,288.5,57657,4082469,89904,318067,20813295
otplol_,6707,719.5,160811,4825550,42945,269882,30941106
JLTomy,17832,198.2,49773,3533784,71202,608159,28493435
Ponce,15974,229.0,48193,3658279,38243,514427,36999193
mistermv,14851,254.8,67071,3784552,22361,668138,62262598
Squeezie,31641,49.5,388941,1566743,72629,2792473,54744869
Swagg,20054,155.3,90947,3113668,95360,1572388,28243665
Castro_1021,22562,123.5,180269,2786383,9972,2921871,112230818
Clix,25829,75.7,101555,1953965,-184297,3850997,87722834
BadBoyHalo,36645,20.7,187142,756489,198878,1766818,6232770
VALORANT,14187,215.2,96958,3053234,182561,752917,24604639
GMHikaru,16640,158.6,76963,2638244,48276,1211777,95937182
Chess,22569,68.8,139185,1552765,16023,640098,234553919
KendineMuzisyen,23568,90.5,92142,2132915,44713,1962598,77086488
Nmplol,21480,119.5,85653,2566527,-2334193,711808,34355055
Cellbit,19399,142.8,103686,2769231,22410,2042923,67221518
csgomc_ru,21574,105.9,364816,2284300,-166363,853275,102130912
Foolish__Gamers,19258,135.9,64268,2617113,213418,953102,9391613
Kyle,13591,240.8,28896,3272874,36007,290274,15889485
풍월량,13560,234.9,44351,3185043,-4715,540648,128475431
Faker,29081,33.5,214841,974204,55015,3318466,120280286
eliasn97,23632,80.1,85341,1891781,30883,456747,5984980
Aydan,13222,232.9,77954,3079470,97449,2249107,40273134
JackManifoldTV,26886,46.3,175423,1243473,190468,977668,8070752
Fundy,29449,30.5,145849,897737,172146,1640493,10259109
Amar,19069,114.3,104595,2179249,55899,1056159,36281463
Hiko,21910,81.6,41689,1787112,44107,1411683,52077367
R6esportsBR,19387,107.9,60803,2091879,25747,429791,32195501
Mongraal,20302,80.5,127720,1634309,238159,4370767,65568384
NoWay4u_Sir,11979,252.6,39459,3026358,2761,443951,75097446
LVNDMARK,10518,305.9,142376,3217098,413,540697,31739843
benjyfishy,21656,66.0,117740,1430042,134380,3341580,62837262
s1mple,28502,22.4,73680,637723,26689,2425025,73643160
Symfuhny,14048,184.1,47884,2586493,56384,3199995,74067544
pokimane,19318,84.9,138482,1640719,105604,7657292,172373455
YoDa,15158,158.0,132814,2394678,-12714,2063297,214029816
Baiano,21979,67.4,130745,1482090,5014,598756,39535883
forsen,14380,173.8,80860,2498521,-6518,1532021,153199747
TSM_ImperialHal,14319,171.1,45934,2449802,60776,751958,29408831
SilverName,15320,147.0,32915,2252043,6937,686784,129820512
xntentacion,19387,87.2,58570,1690212,136543,222830,4801204
GRONKH,19719,87.0,100994,1715593,6170,1328850,97252493
AntoineDanielLive,16873,117.9,53260,1988498,28253,630844,22212373
grenbaud,19072,91.1,35852,1738109,130031,276996,2443486
Domingo,17538,107.3,193354,1881873,19338,1065176,96144330
Gotaga,14460,152.4,239747,2203511,34127,2932680,148978789
加藤純一です,15999,131.5,82055,2103304,11987,311300,12075224
nba_topshot,23461,29.8,118527,698402,4816,22508,19118625
Kamet0,8455,347.0,96071,2933470,30191,835891,61485585
Tfue,11480,211.8,316214,2431169,5677,10208229,272837874
한동숙,10887,234.5,42898,2552743,-1545,413551,101998359
Perxitaa,16253,114.2,77009,1855580,132402,1747342,28393729
OfflineTV,28342,13.6,46825,384824,76159,279820,1575046
Spursito,17739,88.9,39767,1577595,233119,570327,4611539
CohhCarnage,10402,249.1,68777,2591026,-7383,1349065,194406791
AdmiralBahroo,11429,222.2,52399,2539163,62810,883234,72725200
Indiefoxx,10585,159.7,25357,1690633,170299,728231,27541896
Pestily,15062,124.4,226470,1873005,8410,880203,46040870
Doublelift,16693,99.2,64735,1656267,11557,1533888,86111706
NASA,26937,10.5,392939,282030,70214,997085,12086487
Jahrein,16910,87.0,86218,1471204,7529,1575815,83960265
Gorgc,12755,162.0,55738,2066555,314,450342,59515045
Werlyb,11842,170.6,76653,2020218,56787,503515,20732895
ZanoXVII,13570,147.3,158760,1998905,46727,1100274,20222806
RiceGum,18684,66.6,31060,1243388,-57074,1083495,12269646
coscu,13906,123.7,425659,1719528,63706,2675275,63837405
Robleis,22721,26.8,65277,608821,296533,1248025,2658860
Ninja,11731,158.8,616693,1862821,-288334,16618958,535302828
IamCristinini,9899,199.1,58228,1970847,195583,2012610,57332764
PENTA,10117,222.2,22781,2247885,16818,236006,10883048
DrLupo,9749,231.8,167580,2260003,-15127,4420286,160997372
sapnapalt,24289,14.4,64506,348936,85124,563532,1792925
nerdstgamers,12300,147.5,58936,1814399,28755,246021,11512328
TenZ,18756,50.6,38405,949537,111301,1142792,22650844
Rekkles,19859,42.9,63972,851333,42976,937570,31400048
LITkillah,22066,25.6,61647,564700,186802,1354964,7896252
EsfandTV,7047,354.0,47830,2494236,24174,773756,54622343
DisguisedToast,24279,11.6,53075,282159,107453,1907607,73725939
Stray228,11763,156.7,44560,1843675,-5683,917514,98940584
Ramee,8097,281.8,40969,2281256,77901,277697,17781824
ShivFPS,9273,228.5,41373,2118940,65579,748312,24753009
Recrent,8780,241.5,47737,2120593,20453,434153,33002953
Eret,22700,17.5,239785,396370,61282,946151,5198949
Moonryde,9655,213.6,77473,2062454,74449,380741,12127708
cloakzy,12592,130.0,67285,1637428,37034,2533567,49390794
bakzera,13187,122.0,506797,1609314,90550,1296580,7880198
FolagorLives,9592,205.0,57813,1966616,31529,1185879,30421936
RiotGamesTurkish,20869,23.0,63733,480435,13763,766545,158259466
its_iron,8839,234.5,19302,2072477,51707,375814,7600638
chowh1,9864,190.4,34081,1878191,35742,297344,14287741
LVPes,13696,89.8,232608,1229923,1850,718522,201851119
moistcr1tikal,10302,168.8,59872,1738938,3594,2631670,33906485
CaptainPuffy,13239,101.4,128700,1342613,199247,1024044,7502331
Trainwreckstv,11216,143.4,82731,1608569,-9911,1276462,44869991
ChristianVieriOfficial,20338,21.7,53124,440678,32192,242229,1123197
HusKerrs,9095,198.7,40962,1806751,30287,754828,24870523
EWROON,11073,136.8,28624,1515175,21415,742943,45874424
ElmiilloR,8445,210.3,47655,1776014,15416,695193,64004776
buster,15787,52.3,119019,826185,7985,1734744,78026752
imls,13794,87.0,43612,1200087,10723,511504,30102816
fuslie,10296,147.3,45247,1516561,52840,893352,35831811
SmiteGame,4496,536.0,88784,2410247,1166,611663,186577107
Jankos,13160,88.5,42426,1164464,33346,946780,42907345
Nihachu,16007,51.3,76362,820313,215250,1738212,10591900
Maximilian_DOOD,10871,144.7,42335,1573163,-618,917967,71531725
elded,7690,241.7,41972,1858850,90254,3917024,57638031
TwitchRivals,11777,70.7,121816,833015,30409,1703058,206496121
winstrike_tv,15802,49.1,235473,776313,9422,374347,27857119
랄로,17025,38.8,28296,660178,32616,319032,8455838
casimito,9983,163.2,36364,1629423,30474,309202,7664269
chesscomfr,16786,39.8,34099,667641,16899,51222,12790689
악어,15517,57.6,65818,892959,-2226,317417,13143330
pqueen,11470,109.7,362223,1257914,71865,1446887,33595674
SPYGEA,10361,141.9,33340,1470157,18853,341029,41397254
Myth,8907,173.4,164817,1544633,-108844,7213956,153523349
Tumblurr,11259,124.1,32221,1396644,17487,657233,13617840
ESL_DOTA2,15473,47.7,152581,737682,6197,398009,78601501
VALORANT_BR,14365,62.2,54887,893219,25705,154714,3699218
Pato,16182,39.9,28867,646001,23532,333936,3504316
wtcN,11704,89.6,76089,1048084,23606,2366430,108120804
Unboxholics,17839,24.7,43582,440089,4802,326452,10077455
POW3Rtv,6530,274.5,69396,1792175,48979,1529184,58556556
Homyatol,10599,122.1,53502,1294355,22910,741247,17802227
pokelawls,7757,212.0,67746,1644633,-26904,877639,36048326
Faith,8681,116.9,22160,1014806,231222,433973,11837994
elxokas,9143,140.9,60230,1288243,168656,753167,22050238
cxmmunityco,17637,8.6,28471,151332,851,4463,14107538
CobaltStreak,6203,311.4,22634,1931721,12804,351310,35518395
Crown,17068,10.1,152639,171499,11,19957,83198933
lilypichu,11711,89.6,88174,1049654,33452,2094298,55000716
iiTzTimmy,8132,184.5,54842,1500467,104390,539620,10001705
lol_nemesis,8511,170.1,25820,1447857,46705,342716,12295427
5uppp,9805,130.8,59918,1282140,55887,844369,16819804
Flight23white,16220,30.3,106892,491346,56549,1572010,10682695
goncho,8747,155.2,44205,1357027,41511,838303,26939954
SkyrrozTV,7975,191.3,77966,1525221,47203,839909,19843190
Anas_Off,10997,106.3,21120,1169206,46831,769283,9709035
dasMEHDI,5541,333.8,43983,1849608,-1271,374416,24662484
TheRealKnossi,12003,75.0,336065,900341,-20327,1595307,46489014
Ash_on_LoL,6973,221.0,61467,1540985,53297,659132,13236319
knekro,7423,194.7,52659,1444970,17522,505152,37224797
lestream,6124,258.7,145205,1584488,2819,957479,123687663
ZeratoR,8391,153.2,318182,1285821,11776,1048450,117591860
Elajjaz,6811,240.4,13579,1637058,-2690,363855,58884653
JLBichouu,7534,196.2,34148,1478095,117839,384404,9234491
Thijs,8986,143.3,44931,1287587,-5304,769174,102901607
Im_Dontai,9522,130.7,46789,1244337,89510,802815,4649258
SANDBOX_GO,17568,8.0,85346,140547,9962,81736,1947138
alexelcapo,8889,135.0,108851,1199514,9578,789760,56596213
jukes,8839,139.6,34974,1234178,18724,1572073,95233685
ops1x,6179,248.8,33324,1537110,40759,917599,24670884
kyedae_,11073,79.6,41853,881603,106598,380268,4797629
yourragegaming,12182,69.2,40576,842896,32794,490803,4003927
Zizaran,5984,262.8,30289,1572698,8088,312542,55655972
SteveSuptic,10135,105.0,16561,1064519,21745,229184,6343337
Lysium,5838,271.8,17912,1586914,39924,171126,4087959
ELoTRiX,9045,130.3,77178,1178142,55807,1223785,26874191
HYPEMMA,16729,9.5,46129,158939,59920,62039,658841
PPGL_VCTPH,7837,89.7,21406,703064,13231,18192,11447629
ATT,13476,22.4,26220,301469,4742,5131,4168345
deercheerup,7268,179.0,24871,1301192,17215,408460,20333580
Locklear,8225,141.0,52773,1160005,38349,1252519,43032678
jacksepticeye,15574,18.9,90132,293746,40097,2659902,15254481
relaxing234,9364,112.1,21140,1049722,1341,320200,34835727
Jerma985,14601,28.9,47259,421145,9785,530818,14745267
Warframe,15112,20.0,349477,302286,3066,1352583,30974833
Dhalucard,5812,259.5,26753,1508152,1111,405044,27386898
BotezLive,9614,73.5,86864,706921,46178,790737,50913524
Mandzio,8443,128.0,27835,1080383,36925,566018,23217856
aceu,8374,124.4,26141,1041428,67842,1436044,37788542
Kitboga,10119,91.0,44265,920587,-1949,932156,28282243
sweetdreams,6346,216.1,10962,1371577,62267,265376,7018620
StableRonaldo_,9992,77.8,76923,777302,68283,2053422,30746075
twitchgaming,12782,17.8,123325,227472,-5672,445747,63798861
LEGOO,10948,61.7,52774,675100,30939,368123,15776235
bratishkinOFF,10029,80.7,67818,809014,-155510,1346685,81507913
Th3Antonio,5995,220.5,38970,1322013,20335,343014,20660112
lolpacifictw,12306,44.1,86644,542794,4676,102423,15462810
Northernlion,8468,132.5,25360,1122067,12792,421514,31378862
TrueGeordie,11079,51.3,47382,568496,19587,179390,11846851
JaggerPrincesa,11559,52.1,32263,602589,119494,573347,5657077
SLAKUN10,15314,10.1,79828,154875,58359,3080257,12934880
tvandeR,7766,143.4,31512,1113646,29824,356092,8455478
Whippy,6617,190.5,34930,1260282,38357,296854,8302619
sneakylol,5197,285.7,34565,1484437,-6480,1703680,129272372
RATIRL,6197,215.4,18240,1334543,11543,541580,31497428
Fresh,8148,127.2,87295,1036644,117729,4350435,55941729
babepotato,15600,9.0,97989,140131,109,110,168073
Hype,9099,101.5,48324,923303,13438,359436,17578786
Solary,2437,696.2,37783,1696620,-2214,543008,152408916
mount,5072,285.9,27146,1450204,31144,476674,13777118
Rogue,6675,189.4,29984,1264406,38875,505555,13173070
liminhag0d,4624,309.7,50913,1431892,49008,276443,7900403
itsHafu,6272,199.8,67682,1253365,18113,1302493,116042770
inattvapk,13512,30.0,169623,405138,87,88,3479
DuendePablo,6365,191.6,31018,1219701,25372,749474,28626359
Alexby11,8498,104.5,70418,888007,70941,2534796,30769083
괴물쥐123,5795,218.4,73569,1265861,21309,627239,36724147
Punz,10325,72.5,47141,748387,60230,872273,8823895
침착맨,8341,115.0,43949,958915,1149,529827,58033244
PaymoneyWubby,12225,42.6,34678,520426,8768,453291,7523317
Timmac,4040,391.7,27668,1582212,26334,458811,23575869
Mithrain,6730,142.9,29306,961848,8986,1473856,87581501
TeePee,5745,233.8,78741,1343184,12309,641996,37257977
ybicanoooobov,7203,161.9,21005,1166107,-14535,567119,73471123
AdmiralBulldog,6120,207.9,56253,1272052,-9220,736802,111225401
valorant_jpn,9881,74.0,35661,731437,7094,67910,6136514
jcorko_,6151,190.0,25647,1168417,150233,406462,7120115
ShahZaM,5607,222.2,13082,1245597,64790,384778,11148662
UNLOSTV,8973,80.2,134900,719587,3565,1898558,51344873
pizfn,5429,230.6,19979,1251831,36916,324643,12173640
akagreenn,11637,42.4,30395,493804,31733,187072,5615658
RevedTV,7657,125.0,75163,957404,57085,611139,13788655
nwslofficial2,10516,25.6,21935,268640,7629,32111,12414517
NickEh30,7056,142.7,88180,1006660,28176,2868861,62961849
nl_Kripp,5965,207.9,97333,1240175,-6312,1386186,254676281
forever,9837,71.3,61109,701061,62598,677813,5491588
6zdenko,8870,94.2,32700,835145,29196,58432,1148791
SolaryHS,2401,655.6,20855,1574419,716,158156,32691846
Sacriel,4750,181.8,66781,863377,-9674,681625,158398909
itsRyanHiga,6529,167.3,48953,1092168,37474,550796,9213205
蝦愛橘子,3457,418.1,8312,1445542,950,97883,47030505
TeeGrizzley,8795,95.1,35133,835936,48745,583184,3214982
loud_thurzin,9481,76.6,43913,725961,95979,1071940,4402444
CooLifeGame,5527,175.7,33865,971099,124818,586764,25970514
blxckoutz,2237,711.9,28651,1592617,51257,1083236,25919197
ftyiiiii,12642,24.2,29455,305533,67,71,118397
midbeast,6237,170.5,42186,1063041,10342,508802,29128549
따효니,4497,280.1,32336,1259515,-2636,337964,62179594
Mayichi,5996,174.7,34923,1047289,47966,978617,23667069
lucasrutherford,13839,8.0,59986,110207,67,68,250707
MYM_ALKAPONE,6437,169.4,39163,1090538,7187,932400,52344601
서새봄냥,5469,209.5,40819,1145965,-4145,630569,106712263
Xposed,6394,171.3,18137,1095364,-91982,317054,10758732
Sardoche,4960,234.4,146958,1162333,14280,982223,92068850
Esports_Alliance,8975,77.9,28575,698710,9822,131080,13346202
Elwind,9056,70.4,26389,637687,11824,883139,45607446
maskenissen,12487,19.3,27640,241508,104227,181562,975839
파카9999,7789,107.1,21234,834420,14402,221482,12453837
LosPollosTV,9165,79.2,57589,725594,-2368919,566311,17998352
PapoMC,9021,71.6,158297,645674,45771,1631970,23599481
ElSpreen,7999,97.4,18725,779333,165965,730365,5479923
x2Twins,7187,116.6,31508,837756,76667,2346784,38555355
Kaydop,9277,68.5,50600,635658,38009,499513,11303590
BastiGHG,5431,200.7,16194,1089682,36283,784771,27449557
aroyitt,9119,61.1,53604,557014,141582,1279774,15658271
LuluLuvely,7008,128.1,16894,897444,51631,870450,17902458
양띵,10699,44.9,38412,480322,-3241,307662,11964101
DarioMocciaTwitch,6619,145.4,21206,962616,16400,229127,12682118
MrSoki,6367,153.5,106234,977223,74707,552652,7972726
modestal,9056,65.5,28931,593402,-39635,412374,27406109
GothamChess,8188,72.9,29766,597120,36231,429338,33202341
Taylor_Jevaux,6019,92.9,13892,558915,-794951,418027,16230745
EUMasters,9139,64.1,44056,585604,25303,89011,3620392
LexVeldhuis,6769,132.9,58416,899752,2125,272256,42383977
Enviosity,5252,211.6,21211,1111389,28337,278647,9278840
Flavorr,10189,45.3,28039,461393,25682,127198,3778346
Terracid,7627,104.3,18290,795513,35537,625628,9856975
RedRoses11111,5408,92.4,19256,499794,26001,89289,54224506
AgenteMaxo,7758,87.3,42327,677336,106493,810398,11889780
INSCOPE21TV,9384,55.8,51436,523662,37750,877280,18228379
roflgator,5279,211.5,22168,1116372,8333,214311,9001350
RiotGamesJP,10332,39.8,60682,411082,1823,159834,40859114
mrstiventc,8667,75.0,80088,650358,76972,736225,3032033
Xari,6299,148.5,28818,935441,-17162,327630,15348812
MuTeX,5095,211.6,17561,1077833,28912,517605,11113327
BeBePtv,3866,171.1,34492,661491,-9843,58150,140880216
김도,5007,213.8,16171,1070252,-3376,307031,54647722
Popo,9122,60.4,41931,550513,-693,260195,6717154
HGmony,3460,179.4,22184,620569,-8622,27759,184883928
탬탬버린,5504,175.2,16808,963981,452,540877,41766785
uzra,4284,260.4,14744,1115629,-3327,206995,83920604
SypherPK,5368,179.5,148785,963599,28100,4649410,89328509
SummonersInnLive,7264,106.3,105574,771865,-2371,530949,143744026
pijack11,5015,203.9,15911,1022372,10708,396122,20314454
Nightblue3,6106,149.4,90231,912094,-15251,2746967,250776728
Agraelus,5453,166.3,54289,906536,3326,528474,66293656
Yassuo,6151,137.2,90095,843680,-34041,1982489,96842988
SolaryFortnite,2042,634.2,175009,1295028,16922,1682317,108977270
Ampeterby7,7110,98.5,143231,700596,225650,1493564,8567050
울프,9585,48.5,73800,465216,-2022,339325,17585962
JustGaBBo,5351,177.3,15282,948877,8997,645090,11092641
Adal,5524,157.8,15642,871633,70245,546113,12181735
robyn538838,12273,9.8,56169,120515,65,66,103584
ElMariana,8256,75.6,16269,623874,208674,357377,1254547
DannyGoonzalez,11130,22.2,60925,246908,76721,288036,806837
WankilStudio,10956,25.4,28866,278152,9152,870091,21429566
AnthonyZ,3889,302.4,24151,1175796,13754,290183,13796401
Bugha,5962,127.7,82288,761445,72968,4257591,86615174
svt_slow,2833,288.0,32566,815857,26458,26470,7152464
Otzdarva,6773,121.6,25363,823460,15614,445662,10664573
kijihen281,12320,7.1,42662,87941,92,93,226666
살인마협회장,5279,186.3,16252,983367,-440,214448,25175663
dogdog,6484,129.3,31142,838640,-747,619648,64097393
getFlakked,4610,220.7,10434,1017143,52467,98260,3125661
DeuceAce,5950,152.2,23065,905222,10825,125868,6088866
中信兄弟官方頻道,7844,74.6,57079,584702,3899,76988,12449826
Jasper7se,5147,190.1,17188,978218,14171,87598,7409992
PRINCE__OFF,6851,111.3,33211,762752,127688,482839,3710976
Jolavanille,4163,256.6,13277,1068456,12543,134530,4812602
k1ng,8438,55.5,59139,468119,41864,1471807,20791347
Bonjwa,3145,391.4,11814,1231072,4138,165793,70770413
老皮,5883,140.4,20032,825972,-2766,463211,117171476
超負荷,6853,105.3,18774,721676,1727,168293,21650499
ESL_CSGOb,7371,83.9,119288,618262,11214,694113,46124650
peterparkTV,8622,57.5,39539,495485,21879,461407,9640868
PGL_Dota2,9449,41.4,161982,390977,7132,176000,37294206
MckyTV,5666,151.3,76882,856950,33773,955490,33265549
B1ackSai1s,1876,672.0,4593,1260982,-17053,36500,12931941
DiazBiffle,6589,116.7,46932,769059,32973,203841,2835983
VonDice,4461,233.7,21903,1042523,21028,86593,2139077
karchez,4969,184.1,20724,914822,48663,286459,5435396
FENGRUSH,5596,116.9,16128,654077,774,107807,105666633
k3soju,6683,111.3,12505,743815,5722,169572,8056068
unsympathisch_tv,9431,37.2,37982,350480,24980,779231,8462480
39daph,5763,142.6,44646,821926,3804,806438,19796767
noob_v9,11360,9.2,52667,104371,74,75,187257
らっだぁ,8918,50.1,19237,446550,10896,185204,4160374
Staryuuki,5348,141.7,33699,757803,94339,1685103,20466303
BoomerNA,6590,109.4,16828,721161,158377,287324,1433574
Toqtir,8357,55.3,18112,462285,11249,193425,11305999
C9Perkz,9015,39.4,22378,354918,16872,419644,11789933
Joueur_du_Grenier,8404,52.5,125538,441508,15705,568812,11853849
TinaKitten,8784,45.2,54388,396549,63807,601167,6497237
Pieface23,6477,115.5,17033,748104,28126,486330,7027638
Mathil1,4454,214.8,28388,956558,-749,318983,46164345
TFBlade,5383,150.0,53026,807650,-8810,1113533,82405895
녹두로,5472,152.6,22726,835028,278,218926,24186665
C_a_k_e,4742,176.9,34112,839098,-16545,318288,76485994
RRaenee,8533,48.5,20426,413741,25601,212839,5826390
loud_babi,7267,83.2,46251,604682,60622,1101106,6084377
Lily_Off_Valley,9492,16.9,17893,160063,60205,194535,5444398
ElcanaldeJoaco,8509,48.5,132019,412827,23401,1297002,12434567
Pokemon,6122,70.6,130432,431840,4055,422670,33223776
Rakin,4962,169.5,52992,840872,2622,1422933,82502570
接接,5060,162.0,23192,819475,-3370,340322,132347616
ZeROBADASS,5196,159.7,10752,829517,46019,328069,3888637
LVPes2,6943,78.3,94398,543707,9907,252464,54875751
TheRelixChannel,6700,45.8,29208,306650,4750,24544,6614483
StRoGo,7125,70.3,45087,500917,30049,480619,15693482
xth0rek,6020,117.4,13015,706618,10038,179147,7301262
supertf,5074,169.8,12125,861263,9894,318557,9493541
Subroza,6411,97.2,12336,622911,19061,346480,8422091
daltoosh,4947,176.3,16445,872042,18809,399317,10147602
Arcadum,5496,144.5,19790,794134,26957,233165,9853402
RebeuDeter,9245,33.1,25808,305573,22836,340363,4509676
Teuf,8182,52.9,23702,432828,12432,198093,7293039
CodeMiko,6271,97.9,20682,613715,48878,676779,8712741
EFEUYGAC,8929,33.8,15022,301417,45738,470257,6723211
RocketStreetLive,8231,52.0,51956,428300,17504,124126,3365423
Llobeti4,4933,145.8,36212,718991,46832,1295957,27740916
ClassyBeef,2717,431.5,38669,1172569,-3727,152083,12685528
GTAWiseGuy,4599,185.8,12938,854415,18863,153848,5820806
얍얍,4962,157.4,35476,781235,-3610,312994,75161125
Zade,3956,197.1,14228,779518,15757,210994,11431866
NoraExplorer,5113,159.1,26204,813287,41681,67776,1437533
kkatamina,5930,113.6,24214,673520,33013,240431,4527630
safemoonprotocol,10641,7.3,48774,77885,33882,37260,270858
GronkhTV,1781,710.7,14220,1266041,6812,324025,12784957
Fortnite,10374,11.0,700529,114020,7674,4155072,91517507
akaNemsko,3542,209.6,27044,742266,69310,249117,21470782
Funspark_CSGO,4452,182.8,47596,813741,39685,52511,2915132
zedef,10251,12.6,26533,128595,30497,409689,1696841
VooDooSh,5216,147.8,15724,771007,-10543,106663,22150168
Xiuder_,3759,245.5,17448,922868,39684,590392,13577578
cidcidoso,6201,95.5,37948,592347,15986,342814,10199757
MoMaN,3812,229.0,162696,872792,17413,450323,28763111
JrokezFTW,5634,110.4,15324,622092,15203,500408,20374157
PlayHard,6235,94.0,26628,586033,106370,525858,6904872
BruceDropEmOff,6969,78.5,13909,546944,10320,194169,3266654
PAGO3,5092,117.2,20284,596636,11864,536614,58124343
BattlestateGames,9169,25.4,57246,232373,9445,356227,4177073
hannahxxrose,6320,91.1,50937,575650,136899,738178,3743426
eldemente,6868,72.8,51264,500196,75598,1240804,9736802
Dota2RuHub,4708,145.0,236164,682678,-26568,853922,294167648
ChilledChaos,5954,111.8,23613,665441,1275,335046,6719896
JesusAVGN,5885,105.9,41690,623052,-2551,837449,52379245
dopa24,5880,101.5,44307,596667,19561,528996,11503687
Mushway,4612,168.9,13832,779063,10987,429297,8490767
Jinnytty,3712,235.8,19573,875050,-9975,565787,43676095
mitr0,9424,15.7,38328,147767,43409,818040,7553153
Picco,4358,196.8,14230,857734,21600,50377,1507516
플러리,4191,194.9,12495,816658,4297,189675,31594104
adeptthebest,2746,354.7,17118,974141,32145,393070,8633680
다주,4017,202.8,19191,814847,2701,251691,17849286
쌍베,5200,125.7,31421,653779,-1557,197234,39041726
TEBtv,3505,234.1,32608,820417,16079,159604,26338850
Purpled,9660,13.4,37561,129041,45568,663073,1992025
Shlorox,4464,182.7,21757,815562,-6879,362335,48173233
RebirthzTV,4954,151.4,14578,750044,7649,311204,24830686
ricoy23,5127,140.2,57407,718898,1492,187790,11974447
Staiy,4475,184.7,15429,826485,-3165,269752,29830141
SNEUX,5359,121.5,50406,651319,10822,326347,10872364
Pimpeano,7215,56.6,103261,408010,27305,1214700,10242565
PurpleBixi,7802,43.7,24222,341106,7624,155833,9280841
Etoiles,3856,205.7,220035,793309,10750,444491,22755172
러너교,3930,203.1,17873,798081,7407,205115,14015651
gafallen,6593,64.5,47185,425517,23395,1224940,34592410
nyanners,7538,48.8,11521,368036,156053,558227,4763606
JustaMinx,5039,125.3,51954,631587,49547,1334299,13621166
餐餐自由配,4559,156.1,38259,711719,-2742,392836,104437552
おにや,7833,45.5,14078,356320,13453,54885,546923
Tectone,5005,139.9,26918,700229,25415,295134,4813724
QuarterJade,6005,88.7,37287,532511,7151,656880,15152091
chess24,3856,147.4,36269,568450,8496,118006,51449881
Shisheyu_Mayamoto,4098,204.8,14233,839275,8832,61163,4464226
buckefps,3448,228.0,17730,786229,83601,351285,5146447
Reborn_Live,5961,92.0,113707,548555,-3747,1600973,33388851
zackrawrr,8347,29.3,19128,244586,11551,365405,6707116
Scarra,4191,183.2,27421,767993,8622,1460143,104916766
SmallAnt,5294,121.6,11518,643621,38723,612840,8345479
Letshe,4733,119.1,65665,563413,58172,1590881,32769255
gicaas,7358,47.5,30138,349517,28254,145689,4570764
zxcursed,4188,168.0,7290,703448,62300,111682,2953190
aXoZer,4447,159.4,57887,708860,45186,649174,7695715
UberHaxorNova,4755,152.9,15989,726926,444,472754,23523976
OGADotaPIT,5335,83.4,99793,445049,5056,205641,45165925
loud_jordan,6745,66.7,15323,449829,155934,185127,383949
Hayashii,5029,132.7,67651,667208,24126,308593,8414663
TheStockGuy,5971,92.5,72935,552260,2519,255187,4996127
orangemorange,4380,166.8,15704,730552,4083,338062,19354490
sujagg,2879,284.6,33258,819542,65815,667813,14714968
PyrooTv,3363,261.5,17066,879258,24463,71600,4180870
TpaBoMaH,4564,138.2,11412,630581,9219,210087,16332576
JoeWo,3859,202.8,33722,782681,37256,286093,6437978
T90Official,5545,103.4,63954,573481,4256,212305,16161317
scoped,4917,123.7,48548,608290,25887,1226731,18757022
김진우,4973,126.7,33849,629862,-2360,304692,27491490
singsing,4054,190.4,24068,771853,-8380,587531,91867822
uhSnow,4790,135.5,36954,648957,5320,169326,10168408
los_jotinha,5280,117.8,15225,621974,87369,101861,432767
momo_sports,6653,57.3,21197,380844,4624,38877,3653347
ScreaM,8992,11.1,27007,100019,14612,1211759,27587428